<?xml version="1.0" encoding="UTF-8"?>
<!--
 This is a WordPress eXtended RSS file generated by WordPress as an export of your site.
 It contains information about your site's posts, pages, comments, categories, and other content.
 You may use this file to transfer that content from one site to another.
 This file is not intended to serve as a complete backup of your site.

 To import this information into a WordPress site follow these steps:
 1. Log in to that site as an administrator.
 2. Go to Tools: Import in the WordPress admin panel.
 3. Install the "WordPress" importer from the list.
 4. Activate & Run Importer.
 5. Upload this file using the form provided on that page.
 6. You will first be asked to map the authors in this export file to users
    on the site. For each author, you may choose to map to an
    existing user on the site or to create a new user.
 7. WordPress will then import each of the posts, pages, comments, categories, etc.
    contained in this file into your site.
-->
<!-- generator="WordPress.com" created="2023-05-10 07:43"-->
<rss version="2.0" xmlns:excerpt="http://wordpress.org/export/1.2/excerpt/" xmlns:content="http://purl.org/rss/1.0/modules/content/" xmlns:wfw="http://wellformedweb.org/CommentAPI/" xmlns:dc="http://purl.org/dc/elements/1.1/" xmlns:wp="http://wordpress.org/export/1.2/">
  <channel>
<title/>
<link>https://sofiaus.wordpress.com</link>
<description/>
<pubDate>Wed, 10 May 2023 07:43:19 +0000</pubDate>
<language>en-GB</language>
<wp:wxr_version>1.2</wp:wxr_version>
<wp:base_site_url>http://wordpress.com/</wp:base_site_url>
<wp:base_blog_url>https://sofiaus.wordpress.com</wp:base_blog_url>
<wp:author>
  <wp:author_id>184177010</wp:author_id>
  <wp:author_login>sofiastudentcouncil</wp:author_login>
  <wp:author_email>sofiastudentscouncil@gmail.com</wp:author_email>
  <wp:author_display_name><![CDATA[sofiastudentcouncil]]></wp:author_display_name>
  <wp:author_first_name><![CDATA[Софийски]]></wp:author_first_name>
  <wp:author_last_name><![CDATA[ученически съвет]]></wp:author_last_name>
</wp:author>
<wp:author>
  <wp:author_id>139317948</wp:author_id>
  <wp:author_login>petrovm2479</wp:author_login>
  <wp:author_email>us-inf-petrov@abv.bg</wp:author_email>
  <wp:author_display_name><![CDATA[Марио Петров]]></wp:author_display_name>
  <wp:author_first_name><![CDATA[Марио]]></wp:author_first_name>
  <wp:author_last_name><![CDATA[Петров]]></wp:author_last_name>
</wp:author>
<wp:author>
  <wp:author_id>158137290</wp:author_id>
  <wp:author_login>mario161997</wp:author_login>
  <wp:author_email>mario161997@abv.bg</wp:author_email>
  <wp:author_display_name><![CDATA[Марио Петровв]]></wp:author_display_name>
  <wp:author_first_name><![CDATA[Марио]]></wp:author_first_name>
  <wp:author_last_name><![CDATA[Петров]]></wp:author_last_name>
</wp:author>
<wp:author>
  <wp:author_id>196287966</wp:author_id>
  <wp:author_login>divanov412</wp:author_login>
  <wp:author_email>dimitar.work.ivanov@gmail.com</wp:author_email>
  <wp:author_display_name><![CDATA[Димитър Иванов]]></wp:author_display_name>
  <wp:author_first_name><![CDATA[Димитър]]></wp:author_first_name>
  <wp:author_last_name><![CDATA[Иванов]]></wp:author_last_name>
</wp:author>
<wp:author>
  <wp:author_id>225576859</wp:author_id>
  <wp:author_login>vassilevaniya</wp:author_login>
  <wp:author_email>vassileva.niya@gmail.com</wp:author_email>
  <wp:author_display_name><![CDATA[vassilevaniya]]></wp:author_display_name>
  <wp:author_first_name><![CDATA[]]></wp:author_first_name>
  <wp:author_last_name><![CDATA[]]></wp:author_last_name>
</wp:author>
<wp:term>
  <wp:term_id>937347</wp:term_id>
  <wp:term_taxonomy>nav_menu</wp:term_taxonomy>
  <wp:term_slug>%d1%81%d0%be%d1%86%d0%b0%d0%bb%d0%bd%d0%b8-%d0%bc%d1%80%d0%b5%d0%b6%d0%b8</wp:term_slug>
  <wp:term_name><![CDATA[Соцални мрежи]]></wp:term_name>
</wp:term>
<wp:term>
  <wp:term_id>937344</wp:term_id>
  <wp:term_taxonomy>nav_menu</wp:term_taxonomy>
  <wp:term_slug>primary</wp:term_slug>
  <wp:term_name><![CDATA[Primary]]></wp:term_name>
</wp:term>
<generator>http://wordpress.com/</generator>

<image>
	<url>https://sofiaus.files.wordpress.com/2022/09/cropped-d0a1d0a3d0a1-fixed-1.png?w=32</url>
	<title></title>
	<link>https://sofiaus.wordpress.com</link>
	<width>32</width>
	<height>32</height>
</image> 
<item>
  <title><![CDATA[Начало]]></title>
  <link>https://sofiaus.wordpress.com/?page_id=2</link>
  <pubDate>Fri, 31 May 2019 12:11:27 +0000</pubDate>
  <dc:creator>sofiastudentcouncil</dc:creator>
  <guid isPermaLink="false">https://sofiaus.wordpress.com/?page_id=2</guid>
  <description/>
  <content:encoded><![CDATA[<!-- wp:media-text {"mediaPosition":"right","mediaId":211,"mediaType":"image","mediaWidth":32} -->
<div class="wp-block-media-text alignwide has-media-on-the-right is-stacked-on-mobile" style="grid-template-columns:auto 32%;"><figure class="wp-block-media-text__media"><img src="https://sofiaus.files.wordpress.com/2020/08/d0a1d0a3d0a1-fixed.png?w=735" alt="" class="wp-image-211 size-full" /></figure><div class="wp-block-media-text__content"><!-- wp:heading {"level":1} -->
<h1>Добре дошли в сайта на Софийски ученически съвет!</h1>
<!-- /wp:heading -->

<!-- wp:quote -->
<blockquote class="wp-block-quote"><p><em>Гради и развива!</em></p></blockquote>
<!-- /wp:quote --></div></div>
<!-- /wp:media-text -->

<!-- wp:paragraph -->
<p> </p>
<!-- /wp:paragraph -->

<!-- wp:heading {"textAlign":"center"} -->
<h2 class="has-text-align-center">Кои сме ние?</h2>
<!-- /wp:heading -->

<!-- wp:media-text {"mediaId":51,"mediaType":"image"} -->
<div class="wp-block-media-text alignwide is-stacked-on-mobile"><figure class="wp-block-media-text__media"><img src="https://sofiaus.files.wordpress.com/2020/01/64484693_2355792574662922_7128774833726291968_o.jpg?w=1024" alt="" class="wp-image-51 size-full" /></figure><div class="wp-block-media-text__content"><!-- wp:paragraph {"placeholder":"Contentu2026","fontSize":"large"} -->
<p class="has-large-font-size">Софийски ученически съвет (СУС) е ученическа организация, която цели да популяризира формите на ученически парламентаризъм и да спомага за тяхното развитие.</p>
<!-- /wp:paragraph --></div></div>
<!-- /wp:media-text -->

<!-- wp:paragraph {"align":"center","style":{"typography":{"fontSize":26}}} -->
<p class="has-text-align-center" style="font-size:26px;"><strong>Софийски ученически съвет работи в три направления:</strong></p>
<!-- /wp:paragraph -->

<!-- wp:columns -->
<div class="wp-block-columns"><!-- wp:column -->
<div class="wp-block-column"><!-- wp:image {"align":"center","id":84,"width":153,"height":249,"sizeSlug":"large","className":"is-style-rounded"} -->
<div class="wp-block-image is-style-rounded"><figure class="aligncenter size-large is-resized"><img src="https://sofiaus.files.wordpress.com/2020/04/pu.png?w=204" alt="" class="wp-image-84" width="153" height="249" /></figure></div>
<!-- /wp:image -->

<!-- wp:paragraph {"align":"center"} -->
<p class="has-text-align-center">Права на учениците</p>
<!-- /wp:paragraph --></div>
<!-- /wp:column -->

<!-- wp:column -->
<div class="wp-block-column"><!-- wp:image {"align":"center","id":112,"width":153,"height":249,"sizeSlug":"full","className":"is-style-rounded"} -->
<div class="wp-block-image is-style-rounded"><figure class="aligncenter size-full is-resized"><img src="https://sofiaus.files.wordpress.com/2020/04/vo-1.png" alt="" class="wp-image-112" width="153" height="249" /></figure></div>
<!-- /wp:image -->

<!-- wp:paragraph {"align":"center"} -->
<p class="has-text-align-center">Връзки с обществеността</p>
<!-- /wp:paragraph --></div>
<!-- /wp:column -->

<!-- wp:column -->
<div class="wp-block-column"><!-- wp:image {"align":"center","id":86,"width":153,"height":249,"sizeSlug":"large","className":"is-style-rounded"} -->
<div class="wp-block-image is-style-rounded"><figure class="aligncenter size-large is-resized"><img src="https://sofiaus.files.wordpress.com/2020/04/iik.png" alt="" class="wp-image-86" width="153" height="249" /></figure></div>
<!-- /wp:image -->

<!-- wp:paragraph {"align":"center"} -->
<p class="has-text-align-center">Инициативи и информационни кампании</p>
<!-- /wp:paragraph --></div>
<!-- /wp:column --></div>
<!-- /wp:columns -->

<!-- wp:cover {"url":"https://sofiaus.files.wordpress.com/2020/01/a7688440-7f1b-11e9-8c92-7530fbac78ab-rimg-w720-h266-gmir.png","id":26,"dimRatio":20,"focalPoint":{"x":"0.50","y":"0.50"},"align":"full","className":"is-style-default"} -->
<div class="wp-block-cover alignfull has-background-dim-20 has-background-dim is-style-default"><img class="wp-block-cover__image-background wp-image-26" alt="" src="https://sofiaus.files.wordpress.com/2020/01/a7688440-7f1b-11e9-8c92-7530fbac78ab-rimg-w720-h266-gmir.png" style="object-position:50% 50%;" data-object-fit="cover" data-object-position="50% 50%" /><div class="wp-block-cover__inner-container"><!-- wp:paragraph {"align":"center","placeholder":"u0412u044au0432u0435u0434u0435u0442u0435 u0437u0430u0433u043bu0430u0432u0438u0435...","style":{"typography":{"fontSize":55}}} -->
<p class="has-text-align-center" style="font-size:55px;"><strong>Важни съобщения</strong></p>
<!-- /wp:paragraph -->

<!-- wp:file {"id":309,"href":"https://sofiaus.files.wordpress.com/2021/02/protokoll-nr2-ann.pdf"} -->
<div class="wp-block-file"><a href="https://sofiaus.files.wordpress.com/2021/02/protokoll-nr2-ann.pdf">Протокол от Общо събрание № 2 за 2020/2021 уч. година</a><a href="https://sofiaus.files.wordpress.com/2021/02/protokoll-nr2-ann.pdf" class="wp-block-file__button" download>Изтегляне</a></div>
<!-- /wp:file -->

<!-- wp:paragraph -->
<p>Анкета относно туристическите клубове в училищата: <a rel="noreferrer noopener" href="https://forms.gle/UoN7suWBuDs4zWHh6" target="_blank"><strong>https://forms.gle/UoN7suWBuDs4zWHh6</strong></a></p>
<!-- /wp:paragraph --></div></div>
<!-- /wp:cover -->

<!-- wp:heading {"textAlign":"center"} -->
<h2 class="has-text-align-center">Последни новини</h2>
<!-- /wp:heading -->

<!-- wp:a8c/blog-posts {"className":"is-style-default","imageShape":"square","postLayout":"grid"} /-->

<!-- wp:paragraph -->
<p></p>
<!-- /wp:paragraph -->]]></content:encoded>
  <excerpt:encoded><![CDATA[]]></excerpt:encoded>
  <wp:post_id>2</wp:post_id>
  <wp:post_date>2019-05-31 15:11:27</wp:post_date>
  <wp:post_date_gmt>2019-05-31 12:11:27</wp:post_date_gmt>
  <wp:post_modified>2022-09-24 13:04:25</wp:post_modified>
  <wp:post_modified_gmt>2022-09-24 10:04:25</wp:post_modified_gmt>
  <wp:comment_status>closed</wp:comment_status>
  <wp:ping_status>closed</wp:ping_status>
  <wp:post_name>home</wp:post_name>
  <wp:status>draft</wp:status>
  <wp:post_parent>0</wp:post_parent>
  <wp:menu_order>1</wp:menu_order>
  <wp:post_type>page</wp:post_type>
  <wp:post_password/>
  <wp:is_sticky>0</wp:is_sticky>
  <wp:postmeta>
    <wp:meta_key>_wp_page_template</wp:meta_key>
    <wp:meta_value><![CDATA[default]]></wp:meta_value>
  </wp:postmeta>
  <wp:postmeta>
    <wp:meta_key>sharing_disabled</wp:meta_key>
    <wp:meta_value><![CDATA[1]]></wp:meta_value>
  </wp:postmeta>
  <wp:postmeta>
    <wp:meta_key>geo_public</wp:meta_key>
    <wp:meta_value><![CDATA[0]]></wp:meta_value>
  </wp:postmeta>
  <wp:postmeta>
    <wp:meta_key>_publicize_pending</wp:meta_key>
    <wp:meta_value><![CDATA[1]]></wp:meta_value>
  </wp:postmeta>
  <wp:postmeta>
    <wp:meta_key>_edit_last</wp:meta_key>
    <wp:meta_value><![CDATA[139317948]]></wp:meta_value>
  </wp:postmeta>
  <wp:postmeta>
    <wp:meta_key>_last_editor_used_jetpack</wp:meta_key>
    <wp:meta_value><![CDATA[block-editor]]></wp:meta_value>
  </wp:postmeta>
  <wp:postmeta>
    <wp:meta_key>_jetpack_post_was_ever_published</wp:meta_key>
    <wp:meta_value><![CDATA[1]]></wp:meta_value>
  </wp:postmeta>
</item>
<item>
  <title><![CDATA[Новини]]></title>
  <link>https://sofiaus.wordpress.com/news/</link>
  <pubDate>Fri, 31 May 2019 12:11:26 +0000</pubDate>
  <dc:creator>sofiastudentcouncil</dc:creator>
  <guid isPermaLink="false">https://sofiaus.wordpress.com/?page_id=3</guid>
  <description/>
  <content:encoded><![CDATA[This is the page where users will find your site's blog]]></content:encoded>
  <excerpt:encoded><![CDATA[]]></excerpt:encoded>
  <wp:post_id>3</wp:post_id>
  <wp:post_date>2019-05-31 15:11:26</wp:post_date>
  <wp:post_date_gmt>2019-05-31 12:11:26</wp:post_date_gmt>
  <wp:post_modified>2020-05-17 09:14:23</wp:post_modified>
  <wp:post_modified_gmt>2020-05-17 06:14:23</wp:post_modified_gmt>
  <wp:comment_status>closed</wp:comment_status>
  <wp:ping_status>closed</wp:ping_status>
  <wp:post_name>news</wp:post_name>
  <wp:status>publish</wp:status>
  <wp:post_parent>0</wp:post_parent>
  <wp:menu_order>2</wp:menu_order>
  <wp:post_type>page</wp:post_type>
  <wp:post_password/>
  <wp:is_sticky>0</wp:is_sticky>
  <wp:postmeta>
    <wp:meta_key>sharing_disabled</wp:meta_key>
    <wp:meta_value><![CDATA[a:1:{i:0;i:0;}]]></wp:meta_value>
  </wp:postmeta>
  <wp:postmeta>
    <wp:meta_key>switch_like_status</wp:meta_key>
    <wp:meta_value><![CDATA[a:1:{i:0;i:0;}]]></wp:meta_value>
  </wp:postmeta>
  <wp:postmeta>
    <wp:meta_key>_publicize_pending</wp:meta_key>
    <wp:meta_value><![CDATA[1]]></wp:meta_value>
  </wp:postmeta>
  <wp:postmeta>
    <wp:meta_key>_checklist_post_type</wp:meta_key>
    <wp:meta_value><![CDATA[_hs_blog_page]]></wp:meta_value>
  </wp:postmeta>
  <wp:postmeta>
    <wp:meta_key>_edit_last</wp:meta_key>
    <wp:meta_value><![CDATA[139317948]]></wp:meta_value>
  </wp:postmeta>
</item>
<item>
  <title><![CDATA[Контакти]]></title>
  <link>https://sofiaus.wordpress.com/contacts/</link>
  <pubDate>Fri, 10 Jan 2020 15:29:30 +0000</pubDate>
  <dc:creator>sofiastudentcouncil</dc:creator>
  <guid isPermaLink="false">https://sofiaus.wordpress.com/?page_id=68</guid>
  <description/>
  <content:encoded><![CDATA[<!-- wp:separator {"backgroundColor":"primary","className":"is-style-wide"} -->
<hr class="wp-block-separator has-text-color has-primary-color has-alpha-channel-opacity has-primary-background-color has-background is-style-wide" />
<!-- /wp:separator -->

<!-- wp:image {"align":"left","id":420,"width":97,"height":97,"sizeSlug":"large","linkDestination":"custom"} -->
<figure class="wp-block-image alignleft size-large is-resized"><a href="https://www.facebook.com/profile.php?id=100058836631353"><img src="https://sofiaus.files.wordpress.com/2022/09/facebook-logo-png-1.png?w=600" alt="" class="wp-image-420" width="97" height="97" /></a></figure>
<!-- /wp:image -->

<!-- wp:image {"align":"left","id":422,"width":100,"height":102,"sizeSlug":"large","linkDestination":"custom"} -->
<figure class="wp-block-image alignleft size-large is-resized"><a href="https://www.instagram.com/sofiastudentscouncil/"><img src="https://sofiaus.files.wordpress.com/2022/09/instagram-logo-11545512111t0928udues-2.png?w=840" alt="" class="wp-image-422" width="100" height="102" /></a></figure>
<!-- /wp:image -->

<!-- wp:heading {"textAlign":"center","level":4} -->
<h4 class="has-text-align-center">За бърза връзка с нас, попълнете формата по-долу. Ще се свържем с Вас възможно най-скоро!</h4>
<!-- /wp:heading -->

<!-- wp:jetpack/contact-form {"subject":"[Съобщение от сайта]","to":"sofiastudentscouncil@gmail.com"} -->
<div class="wp-block-jetpack-contact-form"><!-- wp:jetpack/field-name {"required":true} /-->

<!-- wp:jetpack/field-email {"required":true} /-->

<!-- wp:jetpack/field-telephone {"label":"Телефонен номер"} /-->

<!-- wp:jetpack/field-textarea {"required":true} /-->

<!-- wp:jetpack/button {"element":"button","text":"Изпращане","lock":{"move":false,"remove":true}} /--></div>
<!-- /wp:jetpack/contact-form -->

<!-- wp:paragraph -->
<p></p>
<!-- /wp:paragraph -->]]></content:encoded>
  <excerpt:encoded><![CDATA[]]></excerpt:encoded>
  <wp:post_id>68</wp:post_id>
  <wp:post_date>2020-01-10 17:29:30</wp:post_date>
  <wp:post_date_gmt>2020-01-10 15:29:30</wp:post_date_gmt>
  <wp:post_modified>2022-09-24 21:37:07</wp:post_modified>
  <wp:post_modified_gmt>2022-09-24 18:37:07</wp:post_modified_gmt>
  <wp:comment_status>closed</wp:comment_status>
  <wp:ping_status>closed</wp:ping_status>
  <wp:post_name>contacts</wp:post_name>
  <wp:status>publish</wp:status>
  <wp:post_parent>0</wp:post_parent>
  <wp:menu_order>0</wp:menu_order>
  <wp:post_type>page</wp:post_type>
  <wp:post_password/>
  <wp:is_sticky>0</wp:is_sticky>
  <wp:postmeta>
    <wp:meta_key>_publicize_pending</wp:meta_key>
    <wp:meta_value><![CDATA[1]]></wp:meta_value>
  </wp:postmeta>
  <wp:postmeta>
    <wp:meta_key>_edit_last</wp:meta_key>
    <wp:meta_value><![CDATA[139317948]]></wp:meta_value>
  </wp:postmeta>
  <wp:postmeta>
    <wp:meta_key>_g_feedback_shortcode_bff61af7b16bc60cee0b70e272d829c62ecb6670</wp:meta_key>
    <wp:meta_value><![CDATA[
[contact-field required="1" type="name" label="Име"/]

[contact-field required="1" type="email" label="Имейл"/]

[contact-field label="Телефонен номер" type="telephone"/]

[contact-field required="1" type="textarea" label="Съобщение"/]
]]></wp:meta_value>
  </wp:postmeta>
  <wp:postmeta>
    <wp:meta_key>_g_feedback_shortcode_atts_bff61af7b16bc60cee0b70e272d829c62ecb6670</wp:meta_key>
    <wp:meta_value><![CDATA[a:13:{s:2:"to";s:30:"sofiastudentscouncil@gmail.com";s:7:"subject";s:36:"[Съобщение от сайта]";s:12:"show_subject";s:2:"no";s:6:"widget";i:0;s:14:"block_template";N;s:19:"block_template_part";N;s:2:"id";i:68;s:18:"submit_button_text";s:18:"Изпращане";s:14:"customThankyou";s:0:"";s:21:"customThankyouHeading";s:44:"Съобщението е изпратено";s:21:"customThankyouMessage";s:30:"Thank you for your submission!";s:22:"customThankyouRedirect";s:0:"";s:10:"jetpackCRM";b:1;}]]></wp:meta_value>
  </wp:postmeta>
  <wp:postmeta>
    <wp:meta_key>_last_editor_used_jetpack</wp:meta_key>
    <wp:meta_value><![CDATA[block-editor]]></wp:meta_value>
  </wp:postmeta>
  <wp:postmeta>
    <wp:meta_key>_g_feedback_shortcode_aded589c09f2e61fc99061f931f57b61348884ec</wp:meta_key>
    <wp:meta_value><![CDATA[
<div class="wp-block-jetpack-contact-form">[contact-field required="1" type="name" label="Име"/]

[contact-field required="1" type="email" label="Имейл"/]

[contact-field label="Телефонен номер" type="telephone"/]

[contact-field required="1" type="textarea" label="Съобщение"/]

<div class="wp-block-jetpack-button wp-block-button" style=""><button class="wp-block-button__link" style="" data-id-attr="placeholder" type="submit">Изпращане</button></div></div>
]]></wp:meta_value>
  </wp:postmeta>
  <wp:postmeta>
    <wp:meta_key>_g_feedback_shortcode_atts_aded589c09f2e61fc99061f931f57b61348884ec</wp:meta_key>
    <wp:meta_value><![CDATA[a:17:{s:2:"to";s:30:"sofiastudentscouncil@gmail.com";s:7:"subject";s:36:"[Съобщение от сайта]";s:12:"show_subject";s:2:"no";s:6:"widget";i:0;s:14:"block_template";N;s:19:"block_template_part";N;s:2:"id";i:68;s:18:"submit_button_text";s:18:"Изпращане";s:14:"customThankyou";s:0:"";s:21:"customThankyouHeading";s:26:"Your message has been sent";s:21:"customThankyouMessage";s:30:"Thank you for your submission!";s:22:"customThankyouRedirect";s:0:"";s:10:"jetpackCRM";b:1;s:9:"className";N;s:9:"postToUrl";N;s:14:"salesforceData";N;s:12:"hiddenFields";N;}]]></wp:meta_value>
  </wp:postmeta>
</item>
<item>
  <title><![CDATA[Заявление за членство]]></title>
  <link>https://sofiaus.wordpress.com/zayavlenie/</link>
  <pubDate>Sat, 18 Apr 2020 16:39:06 +0000</pubDate>
  <dc:creator>petrovm2479</dc:creator>
  <guid isPermaLink="false">https://sofiaus.wordpress.com/?page_id=94</guid>
  <description/>
  <content:encoded><![CDATA[<!-- wp:separator {"backgroundColor":"primary","className":"is-style-wide"} -->
<hr class="wp-block-separator has-text-color has-primary-color has-alpha-channel-opacity has-primary-background-color has-background is-style-wide" />
<!-- /wp:separator -->

<!-- wp:cover {"url":"https://sofiaus.files.wordpress.com/2020/01/a7688440-7f1b-11e9-8c92-7530fbac78ab-rimg-w720-h266-gmir.png","id":26,"dimRatio":50,"isDark":false,"align":"full"} -->
<div class="wp-block-cover alignfull is-light"><span aria-hidden="true" class="wp-block-cover__background has-background-dim"></span><img class="wp-block-cover__image-background wp-image-26" alt="" src="https://sofiaus.files.wordpress.com/2020/01/a7688440-7f1b-11e9-8c92-7530fbac78ab-rimg-w720-h266-gmir.png" data-object-fit="cover" /><div class="wp-block-cover__inner-container"><!-- wp:jetpack/layout-grid {"column1DesktopSpan":4,"column1TabletSpan":4,"column1MobileSpan":4,"column2DesktopSpan":4,"column2TabletSpan":4,"column2MobileSpan":4,"column3DesktopSpan":4,"column3TabletSpan":8,"column3MobileSpan":4,"className":"alignfull column1-desktop-grid__span-4 column1-desktop-grid__row-1 column2-desktop-grid__span-4 column2-desktop-grid__start-5 column2-desktop-grid__row-1 column3-desktop-grid__span-4 column3-desktop-grid__start-9 column3-desktop-grid__row-1 column1-tablet-grid__span-4 column1-tablet-grid__row-1 column2-tablet-grid__span-4 column2-tablet-grid__start-5 column2-tablet-grid__row-1 column3-tablet-grid__span-8 column3-tablet-grid__row-2 column1-mobile-grid__span-4 column1-mobile-grid__row-1 column2-mobile-grid__span-4 column2-mobile-grid__row-2 column3-mobile-grid__span-4 column3-mobile-grid__row-3"} -->
<div class="wp-block-jetpack-layout-grid alignfull column1-desktop-grid__span-4 column1-desktop-grid__row-1 column2-desktop-grid__span-4 column2-desktop-grid__start-5 column2-desktop-grid__row-1 column3-desktop-grid__span-4 column3-desktop-grid__start-9 column3-desktop-grid__row-1 column1-tablet-grid__span-4 column1-tablet-grid__row-1 column2-tablet-grid__span-4 column2-tablet-grid__start-5 column2-tablet-grid__row-1 column3-tablet-grid__span-8 column3-tablet-grid__row-2 column1-mobile-grid__span-4 column1-mobile-grid__row-1 column2-mobile-grid__span-4 column2-mobile-grid__row-2 column3-mobile-grid__span-4 column3-mobile-grid__row-3"><!-- wp:jetpack/layout-grid-column -->
<div class="wp-block-jetpack-layout-grid-column wp-block-jetpack-layout-grid__padding-none"><!-- wp:paragraph -->
<p></p>
<!-- /wp:paragraph --></div>
<!-- /wp:jetpack/layout-grid-column -->

<!-- wp:jetpack/layout-grid-column -->
<div class="wp-block-jetpack-layout-grid-column wp-block-jetpack-layout-grid__padding-none"><!-- wp:html -->
[googleapps domain="docs" dir="forms/d/e/1FAIpQLSedWkIi6DZqLXZdOids-emd8v9OXP7yFrEhtwQSCv1FvcRdXw/viewform" query="embedded=true" width="640" height="900" /]
<!-- /wp:html --></div>
<!-- /wp:jetpack/layout-grid-column -->

<!-- wp:jetpack/layout-grid-column -->
<div class="wp-block-jetpack-layout-grid-column wp-block-jetpack-layout-grid__padding-none"><!-- wp:paragraph -->
<p></p>
<!-- /wp:paragraph --></div>
<!-- /wp:jetpack/layout-grid-column --></div>
<!-- /wp:jetpack/layout-grid --></div></div>
<!-- /wp:cover -->

<!-- wp:html -->
[googleapps domain="docs" dir="forms/d/e/1FAIpQLSeBs-edJLBid7b3kAdNd9GwWj94Hmew7kYfeRp9t1RccDY2YA/viewform" query="embedded=true" width="640" height="900" /]
<!-- /wp:html -->]]></content:encoded>
  <excerpt:encoded><![CDATA[]]></excerpt:encoded>
  <wp:post_id>94</wp:post_id>
  <wp:post_date>2020-04-18 19:39:06</wp:post_date>
  <wp:post_date_gmt>2020-04-18 16:39:06</wp:post_date_gmt>
  <wp:post_modified>2022-09-24 14:10:32</wp:post_modified>
  <wp:post_modified_gmt>2022-09-24 11:10:32</wp:post_modified_gmt>
  <wp:comment_status>closed</wp:comment_status>
  <wp:ping_status>closed</wp:ping_status>
  <wp:post_name>zayavlenie</wp:post_name>
  <wp:status>publish</wp:status>
  <wp:post_parent>0</wp:post_parent>
  <wp:menu_order>0</wp:menu_order>
  <wp:post_type>page</wp:post_type>
  <wp:post_password/>
  <wp:is_sticky>0</wp:is_sticky>
  <wp:postmeta>
    <wp:meta_key>_coblocks_attr</wp:meta_key>
    <wp:meta_value><![CDATA[]]></wp:meta_value>
  </wp:postmeta>
  <wp:postmeta>
    <wp:meta_key>_coblocks_dimensions</wp:meta_key>
    <wp:meta_value><![CDATA[]]></wp:meta_value>
  </wp:postmeta>
  <wp:postmeta>
    <wp:meta_key>_coblocks_responsive_height</wp:meta_key>
    <wp:meta_value><![CDATA[]]></wp:meta_value>
  </wp:postmeta>
  <wp:postmeta>
    <wp:meta_key>_coblocks_accordion_ie_support</wp:meta_key>
    <wp:meta_value><![CDATA[]]></wp:meta_value>
  </wp:postmeta>
  <wp:postmeta>
    <wp:meta_key>advanced_seo_description</wp:meta_key>
    <wp:meta_value><![CDATA[]]></wp:meta_value>
  </wp:postmeta>
  <wp:postmeta>
    <wp:meta_key>amp_status</wp:meta_key>
    <wp:meta_value><![CDATA[]]></wp:meta_value>
  </wp:postmeta>
  <wp:postmeta>
    <wp:meta_key>spay_email</wp:meta_key>
    <wp:meta_value><![CDATA[]]></wp:meta_value>
  </wp:postmeta>
  <wp:postmeta>
    <wp:meta_key>_starter_page_template</wp:meta_key>
    <wp:meta_value><![CDATA[blank]]></wp:meta_value>
  </wp:postmeta>
  <wp:postmeta>
    <wp:meta_key>_publicize_pending</wp:meta_key>
    <wp:meta_value><![CDATA[1]]></wp:meta_value>
  </wp:postmeta>
  <wp:postmeta>
    <wp:meta_key>_last_editor_used_jetpack</wp:meta_key>
    <wp:meta_value><![CDATA[block-editor]]></wp:meta_value>
  </wp:postmeta>
</item>
<item>
  <title><![CDATA[Партньори]]></title>
  <link>https://sofiaus.wordpress.com/partners/</link>
  <pubDate>Mon, 18 May 2020 11:27:48 +0000</pubDate>
  <dc:creator>petrovm2479</dc:creator>
  <guid isPermaLink="false">https://sofiaus.wordpress.com/?page_id=158</guid>
  <description/>
  <content:encoded><![CDATA[<!-- wp:group -->
<div class="wp-block-group"><!-- wp:separator {"backgroundColor":"primary","className":"is-style-wide"} -->
<hr class="wp-block-separator has-text-color has-primary-color has-alpha-channel-opacity has-primary-background-color has-background is-style-wide" />
<!-- /wp:separator -->

<!-- wp:image {"id":261,"width":789,"height":93,"sizeSlug":"large","linkDestination":"none","className":"is-style-default"} -->
<figure class="wp-block-image size-large is-resized is-style-default"><img src="https://sofiaus.files.wordpress.com/2020/11/brand22-1.jpg?w=876" alt="" class="wp-image-261" width="789" height="93" /></figure>
<!-- /wp:image -->

<!-- wp:group -->
<div class="wp-block-group"><!-- wp:heading {"level":4} -->
<h4>Регионално управление на образованието - София-град</h4>
<!-- /wp:heading -->

<!-- wp:paragraph -->
<p><a href="https://ruo-sofia-grad.com/" target="_blank" rel="noreferrer noopener">РУО – София-град</a> е юридическо лице на бюджетна издръжка към министъра на образованието и науката. РУО – София-град провежда държавната политика в областта на образованието, планира, организира и контролира дейността на управлението, сключва и прекратява трудовите договори с директорите на общинските училища, държавните неспециализирани училища, държавните и общинските центрове за специална образователна подкрепа, съдейства за осигуряване на условия за функциониране на образователните институции, координира взаимодействието между участниците в образователния процес и институциите, териториалните органи на изпълнителната власт, местното самоуправление и регионалните синдикални структури на територията на област София-град.</p>
<!-- /wp:paragraph --></div>
<!-- /wp:group --></div>
<!-- /wp:group -->

<!-- wp:media-text {"mediaId":253,"mediaLink":"https://sofiaus.wordpress.com/d181d09cd0b8d181d18ad0bb/","mediaType":"image","mediaWidth":27} -->
<div class="wp-block-media-text alignwide is-stacked-on-mobile" style="grid-template-columns:27% auto;"><figure class="wp-block-media-text__media"><img src="https://sofiaus.files.wordpress.com/2020/11/d181d09cd0b8d181d18ad0bb.jpg?w=960" alt="" class="wp-image-253 size-full" /></figure><div class="wp-block-media-text__content"><!-- wp:heading {"level":4} -->
<h4>сМисъл</h4>
<!-- /wp:heading -->

<!-- wp:paragraph {"placeholder":"Content…"} -->
<p><a rel="noreferrer noopener" href="http://smisal.eu/" target="_blank">сМисъл</a> е организация с нестопанска цел, която осъществява дейността си в обществена полза, за насърчаване и подпомагане на личностната реализация и социална интеграция на всеки млад човек между 18 и 35 години в Република България. Работи за оптимизиране и да подпомага младежките политики, водени на европейско, национално, регионално и местно ниво.</p>
<!-- /wp:paragraph --></div></div>
<!-- /wp:media-text -->

<!-- wp:media-text {"mediaId":206,"mediaType":"image","mediaWidth":27} -->
<div class="wp-block-media-text alignwide is-stacked-on-mobile" style="grid-template-columns:27% auto;"><figure class="wp-block-media-text__media"><img src="https://sofiaus.files.wordpress.com/2020/07/87957108_102750138007280_8114822109965844480_n.png?w=500" alt="" class="wp-image-206 size-full" /></figure><div class="wp-block-media-text__content"><!-- wp:heading {"level":4} -->
<h4>Team Lab</h4>
<!-- /wp:heading -->

<!-- wp:paragraph -->
<p><a rel="noreferrer noopener" href="https://www.facebook.com/TeamLabBg/" target="_blank">Team Lab</a> организира обучения в областта на Soft Skills.</p>
<!-- /wp:paragraph --></div></div>
<!-- /wp:media-text -->

<!-- wp:cover {"isDark":false} -->
<div class="wp-block-cover is-light"><span aria-hidden="true" class="wp-block-cover__background has-background-dim-100 has-background-dim"></span><div class="wp-block-cover__inner-container"></div></div>
<!-- /wp:cover -->]]></content:encoded>
  <excerpt:encoded><![CDATA[]]></excerpt:encoded>
  <wp:post_id>158</wp:post_id>
  <wp:post_date>2020-05-18 14:27:48</wp:post_date>
  <wp:post_date_gmt>2020-05-18 11:27:48</wp:post_date_gmt>
  <wp:post_modified>2022-09-24 14:08:30</wp:post_modified>
  <wp:post_modified_gmt>2022-09-24 11:08:30</wp:post_modified_gmt>
  <wp:comment_status>closed</wp:comment_status>
  <wp:ping_status>closed</wp:ping_status>
  <wp:post_name>partners</wp:post_name>
  <wp:status>publish</wp:status>
  <wp:post_parent>0</wp:post_parent>
  <wp:menu_order>0</wp:menu_order>
  <wp:post_type>page</wp:post_type>
  <wp:post_password/>
  <wp:is_sticky>0</wp:is_sticky>
  <wp:postmeta>
    <wp:meta_key>_edit_last</wp:meta_key>
    <wp:meta_value><![CDATA[139317948]]></wp:meta_value>
  </wp:postmeta>
  <wp:postmeta>
    <wp:meta_key>geo_public</wp:meta_key>
    <wp:meta_value><![CDATA[0]]></wp:meta_value>
  </wp:postmeta>
  <wp:postmeta>
    <wp:meta_key>_starter_page_template</wp:meta_key>
    <wp:meta_value><![CDATA[blank]]></wp:meta_value>
  </wp:postmeta>
  <wp:postmeta>
    <wp:meta_key>_publicize_pending</wp:meta_key>
    <wp:meta_value><![CDATA[1]]></wp:meta_value>
  </wp:postmeta>
  <wp:postmeta>
    <wp:meta_key>_coblocks_attr</wp:meta_key>
    <wp:meta_value><![CDATA[]]></wp:meta_value>
  </wp:postmeta>
  <wp:postmeta>
    <wp:meta_key>_coblocks_dimensions</wp:meta_key>
    <wp:meta_value><![CDATA[]]></wp:meta_value>
  </wp:postmeta>
  <wp:postmeta>
    <wp:meta_key>_coblocks_responsive_height</wp:meta_key>
    <wp:meta_value><![CDATA[]]></wp:meta_value>
  </wp:postmeta>
  <wp:postmeta>
    <wp:meta_key>_coblocks_accordion_ie_support</wp:meta_key>
    <wp:meta_value><![CDATA[]]></wp:meta_value>
  </wp:postmeta>
  <wp:postmeta>
    <wp:meta_key>advanced_seo_description</wp:meta_key>
    <wp:meta_value><![CDATA[]]></wp:meta_value>
  </wp:postmeta>
  <wp:postmeta>
    <wp:meta_key>amp_status</wp:meta_key>
    <wp:meta_value><![CDATA[]]></wp:meta_value>
  </wp:postmeta>
  <wp:postmeta>
    <wp:meta_key>spay_email</wp:meta_key>
    <wp:meta_value><![CDATA[]]></wp:meta_value>
  </wp:postmeta>
  <wp:postmeta>
    <wp:meta_key>_last_editor_used_jetpack</wp:meta_key>
    <wp:meta_value><![CDATA[block-editor]]></wp:meta_value>
  </wp:postmeta>
</item>
<item>
  <title><![CDATA[Home]]></title>
  <link>https://sofiaus.wordpress.com/?page_id=365</link>
  <pubDate/>
  <dc:creator>sofiastudentcouncil</dc:creator>
  <guid isPermaLink="false">https://sofiaus.wordpress.com/?page_id=365</guid>
  <description/>
  <content:encoded><![CDATA[<!-- wp:group {"align":"full","style":{"spacing":{"blockGap":"6vw"}},"layout":{"inherit":true}} -->
<div class="wp-block-group alignfull"><!-- wp:columns {"align":"wide"} -->
<div class="wp-block-columns alignwide"><!-- wp:column {"width":"60%"} -->
<div class="wp-block-column" style="flex-basis:60%;"><!-- wp:heading {"style":{"typography":{"fontSize":"64px"}}} -->
<h2 id="decor-for-the-cozy-interior" style="font-size:64px;"><span class="uppercase">DECOR FOR THE COZY INTERIOR</span></h2>
<!-- /wp:heading --></div>
<!-- /wp:column --></div>
<!-- /wp:columns -->

<!-- wp:cover {"url":"https://dornademo.files.wordpress.com/2022/02/pexels-karolina-grabowska-6958752.jpg","id":13,"dimRatio":0,"minHeight":591,"minHeightUnit":"px","isDark":false,"align":"full"} -->
<div class="wp-block-cover alignfull is-light" style="min-height:591px;"><span aria-hidden="true" class="wp-block-cover__background has-background-dim-0 has-background-dim"></span><img class="wp-block-cover__image-background wp-image-13" alt="" src="https://dornademo.files.wordpress.com/2022/02/pexels-karolina-grabowska-6958752.jpg" data-object-fit="cover" /><div class="wp-block-cover__inner-container"><!-- wp:paragraph {"align":"center","placeholder":"Write title…","fontSize":"large"} -->
<p class="has-text-align-center has-large-font-size"></p>
<!-- /wp:paragraph --></div></div>
<!-- /wp:cover -->

<!-- wp:columns {"align":"wide"} -->
<div class="wp-block-columns alignwide"><!-- wp:column {"width":"45%","style":{"spacing":{"padding":{"right":"5vw"}}}} -->
<div class="wp-block-column" style="padding-right:5vw;flex-basis:45%;"><!-- wp:heading {"style":{"typography":{"lineHeight":"1.25"}},"fontSize":"x-large"} -->
<h2 class="has-x-large-font-size" id="for-a-breath-of-fresh-air-welcome-a-new-plant-to-your-space" style="line-height:1.25;">For a breath of fresh air, welcome a new plant to your space.</h2>
<!-- /wp:heading --></div>
<!-- /wp:column -->

<!-- wp:column -->
<div class="wp-block-column"><!-- wp:paragraph {"style":{"typography":{"fontSize":"18px"}}} -->
<p style="font-size:18px;">As human beings, we feel our best surrounded by nature - the presence of plants and trees can improve our mood and lift our spirits.</p>
<!-- /wp:paragraph -->

<!-- wp:paragraph -->
<p>Dorna complements indoor spaces with its soothing hue and corn stalk-like silhouette.</p>
<!-- /wp:paragraph --></div>
<!-- /wp:column --></div>
<!-- /wp:columns -->

<!-- wp:group {"align":"wide"} -->
<div class="wp-block-group alignwide"><!-- wp:columns {"align":"wide"} -->
<div class="wp-block-columns alignwide"><!-- wp:column -->
<div class="wp-block-column"><!-- wp:group {"className":"has-medium-padding","layout":{"type":"flex","allowOrientation":false,"flexWrap":"nowrap"}} -->
<div class="wp-block-group has-medium-padding"><!-- wp:image {"id":29,"width":48,"height":49,"sizeSlug":"large","linkDestination":"none"} -->
<figure class="wp-block-image size-large is-resized"><img src="https://dornademo.files.wordpress.com/2022/02/frame-10.png?w=96" alt="" class="wp-image-29" width="48" height="49" /></figure>
<!-- /wp:image -->

<!-- wp:paragraph {"fontSize":"small"} -->
<p class="has-small-font-size">Complements your space.</p>
<!-- /wp:paragraph --></div>
<!-- /wp:group --></div>
<!-- /wp:column -->

<!-- wp:column -->
<div class="wp-block-column"><!-- wp:group {"className":"has-medium-padding","layout":{"type":"flex","allowOrientation":false,"flexWrap":"nowrap"}} -->
<div class="wp-block-group has-medium-padding"><!-- wp:image {"id":30,"width":48,"height":48,"sizeSlug":"large","linkDestination":"none"} -->
<figure class="wp-block-image size-large is-resized"><img src="https://dornademo.files.wordpress.com/2022/02/icon-2.png?w=96" alt="" class="wp-image-30" width="48" height="48" /></figure>
<!-- /wp:image -->

<!-- wp:paragraph {"fontSize":"small"} -->
<p class="has-small-font-size">No special light requirements.</p>
<!-- /wp:paragraph --></div>
<!-- /wp:group --></div>
<!-- /wp:column -->

<!-- wp:column -->
<div class="wp-block-column"><!-- wp:group {"className":"has-medium-padding","layout":{"type":"flex","allowOrientation":false,"flexWrap":"nowrap"}} -->
<div class="wp-block-group has-medium-padding"><!-- wp:image {"id":31,"width":51,"height":48,"sizeSlug":"large","linkDestination":"none"} -->
<figure class="wp-block-image size-large is-resized"><img src="https://dornademo.files.wordpress.com/2022/02/icon-1-1.png?w=102" alt="" class="wp-image-31" width="51" height="48" /></figure>
<!-- /wp:image -->

<!-- wp:paragraph {"fontSize":"small"} -->
<p class="has-small-font-size">No watering is needed.</p>
<!-- /wp:paragraph --></div>
<!-- /wp:group --></div>
<!-- /wp:column --></div>
<!-- /wp:columns --></div>
<!-- /wp:group -->

<!-- wp:group {"align":"full","style":{"spacing":{"padding":{"top":"0px"},"blockGap":"0px"}},"layout":{"inherit":true}} -->
<div class="wp-block-group alignfull" style="padding-top:0;"><!-- wp:media-text {"align":"full","mediaPosition":"right","mediaId":12,"mediaLink":"https://dornademo.wordpress.com/pexels-karolina-grabowska-6958766_cropped/","mediaType":"image"} -->
<div class="wp-block-media-text alignfull has-media-on-the-right is-stacked-on-mobile"><figure class="wp-block-media-text__media"><img src="https://dornademo.files.wordpress.com/2022/02/pexels-karolina-grabowska-6958766_cropped.jpg" alt="" class="wp-image-12 size-full" /></figure><div class="wp-block-media-text__content"><!-- wp:group {"layout":{"contentSize":"400px"}} -->
<div class="wp-block-group"><!-- wp:heading {"fontSize":"x-large"} -->
<h2 class="has-x-large-font-size" id="positive-moods">Positive Moods</h2>
<!-- /wp:heading -->

<!-- wp:paragraph {"style":{"typography":{"fontSize":"18px"}}} -->
<p style="font-size:18px;">Did you know filling your space with artificial plants can have the same positive effect as real plants? This concept is known as the Biophilic Design.<br><br>Things like images of nature, natural materials, and earthy tones create a soothing, more welcoming environment. </p>
<!-- /wp:paragraph -->

<!-- wp:paragraph {"style":{"elements":{"link":{"color":{"text":"var:preset|color|primary"}}}}} -->
<p class="has-link-color"><a href="#">Learn more</a></p>
<!-- /wp:paragraph --></div>
<!-- /wp:group --></div></div>
<!-- /wp:media-text -->

<!-- wp:media-text {"mediaId":14,"mediaLink":"https://dornademo.wordpress.com/pexels-karolina-grabowska-6958760_cropped/","mediaType":"image"} -->
<div class="wp-block-media-text alignwide is-stacked-on-mobile"><figure class="wp-block-media-text__media"><img src="https://dornademo.files.wordpress.com/2022/02/pexels-karolina-grabowska-6958760_cropped.jpg?w=798" alt="" class="wp-image-14 size-full" /></figure><div class="wp-block-media-text__content"><!-- wp:group {"style":{"spacing":{"blockGap":"40px"}}} -->
<div class="wp-block-group"><!-- wp:heading -->
<h2 id="get-yours-now">Get yours now</h2>
<!-- /wp:heading -->

<!-- wp:paragraph -->
<p>Dorna's dried look palm leaf is perfect on its own, preferably displayed in a medium-height vase. </p>
<!-- /wp:paragraph -->

<!-- wp:paragraph -->
<p>It's also an excellent addition to any floral arrangement.</p>
<!-- /wp:paragraph -->

<!-- wp:group {"layout":{"type":"flex","allowOrientation":false}} -->
<div class="wp-block-group"><!-- wp:jetpack/recurring-payments -->
<div class="wp-block-jetpack-recurring-payments"><!-- wp:jetpack/button {"element":"a","text":"Buy Now","borderRadius":0,"className":""} /--></div>
<!-- /wp:jetpack/recurring-payments -->

<!-- wp:paragraph {"fontSize":"medium"} -->
<p class="has-medium-font-size" id="79-50">$79.50</p>
<!-- /wp:paragraph --></div>
<!-- /wp:group --></div>
<!-- /wp:group --></div></div>
<!-- /wp:media-text --></div>
<!-- /wp:group -->

<!-- wp:columns {"align":"wide"} -->
<div class="wp-block-columns alignwide"><!-- wp:column -->
<div class="wp-block-column"><!-- wp:image {"id":9,"sizeSlug":"large","linkDestination":"none","className":"is-style-rounded"} -->
<figure class="wp-block-image size-large is-style-rounded"><img src="https://dornademo.files.wordpress.com/2022/02/pexels-anna-shvets-5750131.jpg?w=600" alt="" class="wp-image-9" /></figure>
<!-- /wp:image --></div>
<!-- /wp:column -->

<!-- wp:column {"verticalAlignment":"center","width":"60%","style":{"spacing":{"padding":{"right":"20px","left":"20px"}}}} -->
<div class="wp-block-column is-vertically-aligned-center" style="padding-right:20px;padding-left:20px;flex-basis:60%;"><!-- wp:heading {"fontSize":"x-large"} -->
<h2 class="has-x-large-font-size" id="visit-us-in-a-store-near-you">Visit Us In A Store Near You</h2>
<!-- /wp:heading -->

<!-- wp:paragraph -->
<p>Our stores around the US are open for socially distanced shopping, curbside pickup, in-person workshops, and more!</p>
<!-- /wp:paragraph --></div>
<!-- /wp:column -->

<!-- wp:column {"verticalAlignment":"center"} -->
<div class="wp-block-column is-vertically-aligned-center"><!-- wp:buttons -->
<div class="wp-block-buttons"><!-- wp:button {"backgroundColor":"foreground","style":{"border":{"radius":"0px"}}} -->
<div class="wp-block-button"><a class="wp-block-button__link has-foreground-background-color has-background" style="border-radius:0;">Find stores</a></div>
<!-- /wp:button --></div>
<!-- /wp:buttons --></div>
<!-- /wp:column --></div>
<!-- /wp:columns --></div>
<!-- /wp:group -->]]></content:encoded>
  <excerpt:encoded><![CDATA[]]></excerpt:encoded>
  <wp:post_id>365</wp:post_id>
  <wp:post_date>2022-09-24 13:04:25</wp:post_date>
  <wp:post_date_gmt>0000-00-00 00:00:00</wp:post_date_gmt>
  <wp:post_modified>2022-09-24 13:15:56</wp:post_modified>
  <wp:post_modified_gmt>2022-09-24 10:15:56</wp:post_modified_gmt>
  <wp:comment_status>closed</wp:comment_status>
  <wp:ping_status>closed</wp:ping_status>
  <wp:post_name/>
  <wp:status>draft</wp:status>
  <wp:post_parent>0</wp:post_parent>
  <wp:menu_order>0</wp:menu_order>
  <wp:post_type>page</wp:post_type>
  <wp:post_password/>
  <wp:is_sticky>0</wp:is_sticky>
  <wp:postmeta>
    <wp:meta_key>_tft_homepage_template</wp:meta_key>
    <wp:meta_value><![CDATA[pub/dorna]]></wp:meta_value>
  </wp:postmeta>
  <wp:postmeta>
    <wp:meta_key>_wp_page_template</wp:meta_key>
    <wp:meta_value><![CDATA[default]]></wp:meta_value>
  </wp:postmeta>
  <wp:postmeta>
    <wp:meta_key>_publicize_pending</wp:meta_key>
    <wp:meta_value><![CDATA[1]]></wp:meta_value>
  </wp:postmeta>
  <wp:postmeta>
    <wp:meta_key>_tft_existing_frontpage</wp:meta_key>
    <wp:meta_value><![CDATA[1]]></wp:meta_value>
  </wp:postmeta>
  <wp:postmeta>
    <wp:meta_key>_jetpack_post_was_ever_published</wp:meta_key>
    <wp:meta_value><![CDATA[1]]></wp:meta_value>
  </wp:postmeta>
  <wp:postmeta>
    <wp:meta_key>_last_editor_used_jetpack</wp:meta_key>
    <wp:meta_value><![CDATA[block-editor]]></wp:meta_value>
  </wp:postmeta>
</item>
<item>
  <title><![CDATA[Home]]></title>
  <link>https://sofiaus.wordpress.com/</link>
  <pubDate>Sat, 24 Sep 2022 10:15:56 +0000</pubDate>
  <dc:creator>sofiastudentcouncil</dc:creator>
  <guid isPermaLink="false">https://sofiaus.wordpress.com/?page_id=369</guid>
  <description/>
  <content:encoded><![CDATA[<!-- wp:media-text {"align":"full","mediaPosition":"right","mediaId":147,"mediaType":"image","imageFill":true,"backgroundColor":"primary","className":"alignfull has-background"} -->
<div class="wp-block-media-text alignfull has-media-on-the-right is-stacked-on-mobile is-image-fill has-background has-primary-background-color"><div class="wp-block-media-text__content"><!-- wp:spacer {"height":"64px"} -->
<div style="height:64px;" aria-hidden="true" class="wp-block-spacer"></div>
<!-- /wp:spacer -->

<!-- wp:heading {"level":1} -->
<h1>Софийски Ученически Съвет</h1>
<!-- /wp:heading -->

<!-- wp:paragraph -->
<p>Софийски ученически съвет (СУС) е ученическа организация, която цели да популяризира формите на ученически парламентаризъм и да спомага за тяхното развитие.</p>
<!-- /wp:paragraph -->

<!-- wp:button {"textColor":"background","className":"is-style-outline"} -->
<div class="wp-block-button is-style-outline"><a class="wp-block-button__link has-background-color has-text-color wp-element-button" href="/contact">Свържете се с нас</a></div>
<!-- /wp:button -->

<!-- wp:image {"align":"left","id":412,"width":76,"height":77,"sizeSlug":"thumbnail","linkDestination":"custom"} -->
<figure class="wp-block-image alignleft size-thumbnail is-resized"><a href="https://www.instagram.com/sofiastudentscouncil/"><img src="https://sofiaus.files.wordpress.com/2022/09/instagram-logo-11545512111t0928udues.png?w=147" alt="" class="wp-image-412" width="76" height="77" /></a></figure>
<!-- /wp:image -->

<!-- wp:group {"layout":{"type":"constrained"}} -->
<div class="wp-block-group"><!-- wp:image {"align":"left","id":413,"width":79,"height":79,"sizeSlug":"large","linkDestination":"custom"} -->
<figure class="wp-block-image alignleft size-large is-resized"><a href="https://www.facebook.com/profile.php?id=100058836631353"><img src="https://sofiaus.files.wordpress.com/2022/09/facebook-logo-png.png?w=600" alt="" class="wp-image-413" width="79" height="79" /></a></figure>
<!-- /wp:image --></div>
<!-- /wp:group -->

<!-- wp:spacer {"height":"64px"} -->
<div style="height:64px;" aria-hidden="true" class="wp-block-spacer"></div>
<!-- /wp:spacer --></div><figure class="wp-block-media-text__media" style="background-image:url('https://sofiaus.files.wordpress.com/2020/05/12-d182d0be-d0bed0b1d189d0be-d181d18ad0b1d180d0b0d0bdd0b8d0b5-d09dd0a4d0a1d093-03-05-2016.jpg?w=737');background-position:50% 50%;"><img src="https://sofiaus.files.wordpress.com/2020/05/12-d182d0be-d0bed0b1d189d0be-d181d18ad0b1d180d0b0d0bdd0b8d0b5-d09dd0a4d0a1d093-03-05-2016.jpg?w=737" alt="" class="wp-image-147 size-full" /></figure></div>
<!-- /wp:media-text -->

<!-- wp:group {"align":"full","backgroundColor":"background"} -->
<div class="wp-block-group alignfull has-background-background-color has-background"><!-- wp:spacer {"height":"32px"} -->
<div style="height:32px;" aria-hidden="true" class="wp-block-spacer"></div>
<!-- /wp:spacer -->

<!-- wp:paragraph {"align":"center","className":"margin-bottom-half","fontSize":"small"} -->
<p class="has-text-align-center margin-bottom-half has-small-font-size"></p>
<!-- /wp:paragraph -->

<!-- wp:heading {"textAlign":"center"} -->
<h2 class="has-text-align-center">Екипи</h2>
<!-- /wp:heading -->

<!-- wp:separator {"opacity":"css"} -->
<hr class="wp-block-separator has-css-opacity" />
<!-- /wp:separator -->

<!-- wp:columns {"align":"wide","style":{"border":{"width":"0px","style":"none","radius":"0px"},"spacing":{"padding":{"top":"0","right":"0","bottom":"0","left":"0"}}}} -->
<div class="wp-block-columns alignwide" style="border-style:none;border-width:0;border-radius:0;padding-top:0;padding-right:0;padding-bottom:0;padding-left:0;"><!-- wp:column -->
<div class="wp-block-column"><!-- wp:image {"id":430,"sizeSlug":"large","linkDestination":"none"} -->
<figure class="wp-block-image size-large"><img src="https://sofiaus.files.wordpress.com/2022/09/image_editor_output_image1264527090-1664177706156.jpg?w=641" alt="" class="wp-image-430" /></figure>
<!-- /wp:image -->

<!-- wp:heading -->
<h2>Права на учениците</h2>
<!-- /wp:heading -->

<!-- wp:paragraph -->
<p>(1) подпомага изготвянето на Устава на СУС;<br>(2) проверява валидността на издаваните от УС документи;<br>(3) подпомага за информираността на учениците и младите хора за техните права и как да ги защитават;<br>(4) организира кампании в помощ на учениците от всички възрастови групи;<br>(5) има свои Председател, Заместник-председател и Секретар.</p>
<!-- /wp:paragraph --></div>
<!-- /wp:column -->

<!-- wp:column -->
<div class="wp-block-column"><!-- wp:image {"id":431,"sizeSlug":"large"} -->
<figure class="wp-block-image size-large"><img src="https://sofiaus.files.wordpress.com/2022/09/image_editor_output_image-737388335-1664177755394.jpg?w=625" alt="" class="wp-image-431" /></figure>
<!-- /wp:image -->

<!-- wp:heading -->
<h2>Връзки с обществеността</h2>
<!-- /wp:heading -->

<!-- wp:paragraph -->
<p>(1) осъществява и организира публичната изява на СУС;<br>(2) създава стратегия за популяризация и извършва маркетингови действия за разпространение името, дейностите и целите на СУС;<br>(3) поддържа и развива интернет страницата, и останалите информационни канали на СУС;<br>(4) привлича ученици към дейността и целите на СУС чрез дигитални източници и дигитална реклама;<br>(5) има свои Председател, Заместник-председател и Секретар.</p>
<!-- /wp:paragraph --></div>
<!-- /wp:column -->

<!-- wp:column -->
<div class="wp-block-column"><!-- wp:image {"id":432,"sizeSlug":"large"} -->
<figure class="wp-block-image size-large"><img src="https://sofiaus.files.wordpress.com/2022/09/image_editor_output_image-56829456-1664177796479.jpg?w=1024" alt="" class="wp-image-432" /></figure>
<!-- /wp:image -->

<!-- wp:heading -->
<h2>Инициативи и информационни кампании</h2>
<!-- /wp:heading -->

<!-- wp:paragraph -->
<p>(1) създава и организира различни събития и провежда различни инициативи, проекти и кампании, които да спомагат за развитието на организацията да са в обществен интерес и от обществено значение;<br>(2) провежда кампании и изготвя проекти с благотворителна цел. Набраните средства се отчитат при секретаря на СУС и се назначават по предназначение;<br>(3) Въвлича ученици в дейността на СУС чрез провежданите кампании и събития и по този начин разпространява дейността и целите на СУС;<br>(4) има свои Председател, Заместник-председател и Секретар.</p>
<!-- /wp:paragraph --></div>
<!-- /wp:column --></div>
<!-- /wp:columns -->

<!-- wp:spacer {"height":"32px"} -->
<div style="height:32px;" aria-hidden="true" class="wp-block-spacer"></div>
<!-- /wp:spacer --></div>
<!-- /wp:group -->

<!-- wp:group {"align":"full"} -->
<div class="wp-block-group alignfull"><!-- wp:spacer {"height":"32px"} -->
<div style="height:32px;" aria-hidden="true" class="wp-block-spacer"></div>
<!-- /wp:spacer -->

<!-- wp:media-text {"mediaId":398,"mediaType":"image","imageFill":true,"focalPoint":{"x":0.61,"y":0.59},"className":"alignwide"} -->
<div class="wp-block-media-text alignwide is-stacked-on-mobile is-image-fill"><figure class="wp-block-media-text__media" style="background-image:url('https://sofiaus.files.wordpress.com/2022/09/img_9643.jpg?w=1024');background-position:61% 59%;"><img src="https://sofiaus.files.wordpress.com/2022/09/img_9643.jpg?w=1024" alt="" class="wp-image-398 size-full" /></figure><div class="wp-block-media-text__content"><!-- wp:spacer {"height":"32px"} -->
<div style="height:32px;" aria-hidden="true" class="wp-block-spacer"></div>
<!-- /wp:spacer -->

<!-- wp:heading {"level":3} -->
<h3>Цели на СУС</h3>
<!-- /wp:heading -->

<!-- wp:paragraph -->
<p></p>
<!-- /wp:paragraph -->

<!-- wp:list -->
<ul><!-- wp:list-item -->
<li>Популяризиране на неформалното обучение</li>
<!-- /wp:list-item -->

<!-- wp:list-item -->
<li>Развиване на нови компетенции в учениците</li>
<!-- /wp:list-item -->

<!-- wp:list-item -->
<li>Обединяване на ученическата общност</li>
<!-- /wp:list-item -->

<!-- wp:list-item -->
<li>Разкриване на нови възможности пред младежите</li>
<!-- /wp:list-item -->

<!-- wp:list-item -->
<li>Предлагане на условия за личностно развитие</li>
<!-- /wp:list-item --></ul>
<!-- /wp:list -->

<!-- wp:spacer {"height":"32px"} -->
<div style="height:32px;" aria-hidden="true" class="wp-block-spacer"></div>
<!-- /wp:spacer --></div></div>
<!-- /wp:media-text -->

<!-- wp:spacer {"height":"32px"} -->
<div style="height:32px;" aria-hidden="true" class="wp-block-spacer"></div>
<!-- /wp:spacer -->

<!-- wp:spacer {"height":"32px"} -->
<div style="height:32px;" aria-hidden="true" class="wp-block-spacer"></div>
<!-- /wp:spacer --></div>
<!-- /wp:group -->

<!-- wp:group {"align":"full","backgroundColor":"primary"} -->
<div class="wp-block-group alignfull has-primary-background-color has-background"><!-- wp:spacer {"height":"32px"} -->
<div style="height:32px;" aria-hidden="true" class="wp-block-spacer"></div>
<!-- /wp:spacer -->

<!-- wp:paragraph {"align":"center","className":"margin-bottom-half","fontSize":"small"} -->
<p class="has-text-align-center margin-bottom-half has-small-font-size"></p>
<!-- /wp:paragraph -->

<!-- wp:heading {"textAlign":"center","level":3,"className":"margin-top-half"} -->
<h3 class="has-text-align-center margin-top-half">Новини и помощни материали</h3>
<!-- /wp:heading -->

<!-- wp:separator {"opacity":"css"} -->
<hr class="wp-block-separator has-css-opacity" />
<!-- /wp:separator -->

<!-- wp:latest-posts {"postsToShow":3,"displayPostContent":true,"excerptLength":40,"displayPostDate":true,"postLayout":"grid","align":"wide"} /-->

<!-- wp:button {"textColor":"background","align":"center","className":"is-style-outline"} -->
<div class="wp-block-button aligncenter is-style-outline"><a class="wp-block-button__link has-background-color has-text-color wp-element-button" href="https://sofiaus.wordpress.com/news/?chttps://sofiaus.wordpress.com/news/ustomize_changeset_uuid=61f7956d-18f7-4b6f-8390-83ee1e2c865d">Блог</a></div>
<!-- /wp:button -->

<!-- wp:spacer {"height":"32px"} -->
<div style="height:32px;" aria-hidden="true" class="wp-block-spacer"></div>
<!-- /wp:spacer --></div>
<!-- /wp:group -->]]></content:encoded>
  <excerpt:encoded><![CDATA[]]></excerpt:encoded>
  <wp:post_id>369</wp:post_id>
  <wp:post_date>2022-09-24 13:15:56</wp:post_date>
  <wp:post_date_gmt>2022-09-24 10:15:56</wp:post_date_gmt>
  <wp:post_modified>2022-10-03 16:57:47</wp:post_modified>
  <wp:post_modified_gmt>2022-10-03 13:57:47</wp:post_modified_gmt>
  <wp:comment_status>closed</wp:comment_status>
  <wp:ping_status>closed</wp:ping_status>
  <wp:post_name>home-2</wp:post_name>
  <wp:status>publish</wp:status>
  <wp:post_parent>0</wp:post_parent>
  <wp:menu_order>0</wp:menu_order>
  <wp:post_type>page</wp:post_type>
  <wp:post_password/>
  <wp:is_sticky>0</wp:is_sticky>
  <wp:postmeta>
    <wp:meta_key>_tft_homepage_template</wp:meta_key>
    <wp:meta_value><![CDATA[pub/barnsbury]]></wp:meta_value>
  </wp:postmeta>
  <wp:postmeta>
    <wp:meta_key>_publicize_pending</wp:meta_key>
    <wp:meta_value><![CDATA[1]]></wp:meta_value>
  </wp:postmeta>
  <wp:postmeta>
    <wp:meta_key>_last_editor_used_jetpack</wp:meta_key>
    <wp:meta_value><![CDATA[block-editor]]></wp:meta_value>
  </wp:postmeta>
</item>
<item>
  <title><![CDATA[IMG_97062]]></title>
  <link>https://sofiaus.wordpress.com/home-2/img_97062/</link>
  <pubDate>Sat, 24 Sep 2022 11:23:01 +0000</pubDate>
  <dc:creator>sofiastudentcouncil</dc:creator>
  <guid isPermaLink="false">http://sofiaus.files.wordpress.com/2022/09/img_97062.jpg</guid>
  <description/>
  <content:encoded><![CDATA[]]></content:encoded>
  <excerpt:encoded><![CDATA[]]></excerpt:encoded>
  <wp:post_id>395</wp:post_id>
  <wp:post_date>2022-09-24 14:23:01</wp:post_date>
  <wp:post_date_gmt>2022-09-24 11:23:01</wp:post_date_gmt>
  <wp:post_modified>2022-09-24 14:23:01</wp:post_modified>
  <wp:post_modified_gmt>2022-09-24 11:23:01</wp:post_modified_gmt>
  <wp:comment_status>closed</wp:comment_status>
  <wp:ping_status>closed</wp:ping_status>
  <wp:post_name>img_97062</wp:post_name>
  <wp:status>inherit</wp:status>
  <wp:post_parent>369</wp:post_parent>
  <wp:menu_order>0</wp:menu_order>
  <wp:post_type>attachment</wp:post_type>
  <wp:post_password/>
  <wp:is_sticky>0</wp:is_sticky>
  <wp:attachment_url>https://sofiaus.files.wordpress.com/2022/09/img_97062.jpg</wp:attachment_url>
  <wp:postmeta>
    <wp:meta_key>_wp_attached_file</wp:meta_key>
    <wp:meta_value><![CDATA[/home/wpcom/public_html/wp-content/blogs.dir/0b5/162840273/files/2022/09/img_97062.jpg]]></wp:meta_value>
  </wp:postmeta>
  <wp:postmeta>
    <wp:meta_key>_wp_attachment_metadata</wp:meta_key>
    <wp:meta_value><![CDATA[a:6:{s:5:"width";i:2968;s:6:"height";i:4451;s:4:"file";s:86:"/home/wpcom/public_html/wp-content/blogs.dir/0b5/162840273/files/2022/09/img_97062.jpg";s:8:"filesize";i:7605057;s:5:"sizes";a:0:{}s:10:"image_meta";a:12:{s:8:"aperture";s:1:"0";s:6:"credit";s:0:"";s:6:"camera";s:0:"";s:7:"caption";s:0:"";s:17:"created_timestamp";s:10:"1627416580";s:9:"copyright";s:0:"";s:12:"focal_length";s:1:"0";s:3:"iso";s:1:"0";s:13:"shutter_speed";s:1:"0";s:5:"title";s:0:"";s:11:"orientation";s:1:"1";s:8:"keywords";a:0:{}}}]]></wp:meta_value>
  </wp:postmeta>
</item>
<item>
  <title><![CDATA[IMG_9643]]></title>
  <link>https://sofiaus.wordpress.com/home-2/img_9643/</link>
  <pubDate>Sat, 24 Sep 2022 11:29:47 +0000</pubDate>
  <dc:creator>sofiastudentcouncil</dc:creator>
  <guid isPermaLink="false">http://sofiaus.files.wordpress.com/2022/09/img_9643.jpg</guid>
  <description/>
  <content:encoded><![CDATA[]]></content:encoded>
  <excerpt:encoded><![CDATA[]]></excerpt:encoded>
  <wp:post_id>398</wp:post_id>
  <wp:post_date>2022-09-24 14:29:47</wp:post_date>
  <wp:post_date_gmt>2022-09-24 11:29:47</wp:post_date_gmt>
  <wp:post_modified>2022-09-24 14:29:47</wp:post_modified>
  <wp:post_modified_gmt>2022-09-24 11:29:47</wp:post_modified_gmt>
  <wp:comment_status>closed</wp:comment_status>
  <wp:ping_status>closed</wp:ping_status>
  <wp:post_name>img_9643</wp:post_name>
  <wp:status>inherit</wp:status>
  <wp:post_parent>369</wp:post_parent>
  <wp:menu_order>0</wp:menu_order>
  <wp:post_type>attachment</wp:post_type>
  <wp:post_password/>
  <wp:is_sticky>0</wp:is_sticky>
  <wp:attachment_url>https://sofiaus.files.wordpress.com/2022/09/img_9643.jpg</wp:attachment_url>
  <wp:postmeta>
    <wp:meta_key>_wp_attached_file</wp:meta_key>
    <wp:meta_value><![CDATA[/home/wpcom/public_html/wp-content/blogs.dir/0b5/162840273/files/2022/09/img_9643.jpg]]></wp:meta_value>
  </wp:postmeta>
  <wp:postmeta>
    <wp:meta_key>_wp_attachment_metadata</wp:meta_key>
    <wp:meta_value><![CDATA[a:6:{s:5:"width";i:5184;s:6:"height";i:3456;s:4:"file";s:85:"/home/wpcom/public_html/wp-content/blogs.dir/0b5/162840273/files/2022/09/img_9643.jpg";s:8:"filesize";i:11302231;s:5:"sizes";a:0:{}s:10:"image_meta";a:12:{s:8:"aperture";s:2:"16";s:6:"credit";s:0:"";s:6:"camera";s:15:"Canon EOS 1200D";s:7:"caption";s:0:"";s:17:"created_timestamp";s:10:"1627413671";s:9:"copyright";s:0:"";s:12:"focal_length";s:2:"44";s:3:"iso";s:3:"800";s:13:"shutter_speed";s:6:"0.0125";s:5:"title";s:0:"";s:11:"orientation";s:1:"1";s:8:"keywords";a:0:{}}}]]></wp:meta_value>
  </wp:postmeta>
</item>
<item>
  <title><![CDATA[d0b8d0b7d182d0b5d0b3d0bbd0b5d0bd-d184d0b0d0b9d0bb]]></title>
  <link>https://sofiaus.wordpress.com/home-2/d0b8d0b7d182d0b5d0b3d0bbd0b5d0bd-d184d0b0d0b9d0bb/</link>
  <pubDate>Sat, 24 Sep 2022 18:14:25 +0000</pubDate>
  <dc:creator>sofiastudentcouncil</dc:creator>
  <guid isPermaLink="false">http://sofiaus.files.wordpress.com/2022/09/d0b8d0b7d182d0b5d0b3d0bbd0b5d0bd-d184d0b0d0b9d0bb.jpg</guid>
  <description/>
  <content:encoded><![CDATA[]]></content:encoded>
  <excerpt:encoded><![CDATA[]]></excerpt:encoded>
  <wp:post_id>407</wp:post_id>
  <wp:post_date>2022-09-24 21:14:25</wp:post_date>
  <wp:post_date_gmt>2022-09-24 18:14:25</wp:post_date_gmt>
  <wp:post_modified>2022-09-24 21:14:25</wp:post_modified>
  <wp:post_modified_gmt>2022-09-24 18:14:25</wp:post_modified_gmt>
  <wp:comment_status>closed</wp:comment_status>
  <wp:ping_status>closed</wp:ping_status>
  <wp:post_name>d0b8d0b7d182d0b5d0b3d0bbd0b5d0bd-d184d0b0d0b9d0bb</wp:post_name>
  <wp:status>inherit</wp:status>
  <wp:post_parent>369</wp:post_parent>
  <wp:menu_order>0</wp:menu_order>
  <wp:post_type>attachment</wp:post_type>
  <wp:post_password/>
  <wp:is_sticky>0</wp:is_sticky>
  <wp:attachment_url>https://sofiaus.files.wordpress.com/2022/09/d0b8d0b7d182d0b5d0b3d0bbd0b5d0bd-d184d0b0d0b9d0bb.jpg</wp:attachment_url>
  <wp:postmeta>
    <wp:meta_key>_wp_attached_file</wp:meta_key>
    <wp:meta_value><![CDATA[/home/wpcom/public_html/wp-content/blogs.dir/0b5/162840273/files/2022/09/d0b8d0b7d182d0b5d0b3d0bbd0b5d0bd-d184d0b0d0b9d0bb.jpg]]></wp:meta_value>
  </wp:postmeta>
  <wp:postmeta>
    <wp:meta_key>_wp_attachment_metadata</wp:meta_key>
    <wp:meta_value><![CDATA[a:6:{s:5:"width";i:225;s:6:"height";i:225;s:4:"file";s:126:"/home/wpcom/public_html/wp-content/blogs.dir/0b5/162840273/files/2022/09/d0b8d0b7d182d0b5d0b3d0bbd0b5d0bd-d184d0b0d0b9d0bb.jpg";s:8:"filesize";i:5059;s:5:"sizes";a:0:{}s:10:"image_meta";a:12:{s:8:"aperture";s:1:"0";s:6:"credit";s:0:"";s:6:"camera";s:0:"";s:7:"caption";s:0:"";s:17:"created_timestamp";s:1:"0";s:9:"copyright";s:0:"";s:12:"focal_length";s:1:"0";s:3:"iso";s:1:"0";s:13:"shutter_speed";s:1:"0";s:5:"title";s:0:"";s:11:"orientation";s:1:"0";s:8:"keywords";a:0:{}}}]]></wp:meta_value>
  </wp:postmeta>
</item>
<item>
  <title><![CDATA[d0b8d0b7d182d0b5d0b3d0bbd0b5d0bd-d184d0b0d0b9d0bb-1]]></title>
  <link>https://sofiaus.wordpress.com/home-2/d0b8d0b7d182d0b5d0b3d0bbd0b5d0bd-d184d0b0d0b9d0bb-1/</link>
  <pubDate>Sat, 24 Sep 2022 18:17:45 +0000</pubDate>
  <dc:creator>sofiastudentcouncil</dc:creator>
  <guid isPermaLink="false">http://sofiaus.files.wordpress.com/2022/09/d0b8d0b7d182d0b5d0b3d0bbd0b5d0bd-d184d0b0d0b9d0bb-1.jpg</guid>
  <description/>
  <content:encoded><![CDATA[]]></content:encoded>
  <excerpt:encoded><![CDATA[]]></excerpt:encoded>
  <wp:post_id>409</wp:post_id>
  <wp:post_date>2022-09-24 21:17:45</wp:post_date>
  <wp:post_date_gmt>2022-09-24 18:17:45</wp:post_date_gmt>
  <wp:post_modified>2022-09-24 21:17:45</wp:post_modified>
  <wp:post_modified_gmt>2022-09-24 18:17:45</wp:post_modified_gmt>
  <wp:comment_status>closed</wp:comment_status>
  <wp:ping_status>closed</wp:ping_status>
  <wp:post_name>d0b8d0b7d182d0b5d0b3d0bbd0b5d0bd-d184d0b0d0b9d0bb-1</wp:post_name>
  <wp:status>inherit</wp:status>
  <wp:post_parent>369</wp:post_parent>
  <wp:menu_order>0</wp:menu_order>
  <wp:post_type>attachment</wp:post_type>
  <wp:post_password/>
  <wp:is_sticky>0</wp:is_sticky>
  <wp:attachment_url>https://sofiaus.files.wordpress.com/2022/09/d0b8d0b7d182d0b5d0b3d0bbd0b5d0bd-d184d0b0d0b9d0bb-1.jpg</wp:attachment_url>
  <wp:postmeta>
    <wp:meta_key>_wp_attached_file</wp:meta_key>
    <wp:meta_value><![CDATA[/home/wpcom/public_html/wp-content/blogs.dir/0b5/162840273/files/2022/09/d0b8d0b7d182d0b5d0b3d0bbd0b5d0bd-d184d0b0d0b9d0bb-1.jpg]]></wp:meta_value>
  </wp:postmeta>
  <wp:postmeta>
    <wp:meta_key>_wp_attachment_metadata</wp:meta_key>
    <wp:meta_value><![CDATA[a:6:{s:5:"width";i:225;s:6:"height";i:225;s:4:"file";s:128:"/home/wpcom/public_html/wp-content/blogs.dir/0b5/162840273/files/2022/09/d0b8d0b7d182d0b5d0b3d0bbd0b5d0bd-d184d0b0d0b9d0bb-1.jpg";s:8:"filesize";i:5059;s:5:"sizes";a:0:{}s:10:"image_meta";a:12:{s:8:"aperture";s:1:"0";s:6:"credit";s:0:"";s:6:"camera";s:0:"";s:7:"caption";s:0:"";s:17:"created_timestamp";s:1:"0";s:9:"copyright";s:0:"";s:12:"focal_length";s:1:"0";s:3:"iso";s:1:"0";s:13:"shutter_speed";s:1:"0";s:5:"title";s:0:"";s:11:"orientation";s:1:"0";s:8:"keywords";a:0:{}}}]]></wp:meta_value>
  </wp:postmeta>
</item>
<item>
  <title><![CDATA[instagram-logo-11545512111t0928udues]]></title>
  <link>https://sofiaus.wordpress.com/home-2/instagram-logo-11545512111t0928udues/</link>
  <pubDate>Sat, 24 Sep 2022 18:19:10 +0000</pubDate>
  <dc:creator>sofiastudentcouncil</dc:creator>
  <guid isPermaLink="false">http://sofiaus.files.wordpress.com/2022/09/instagram-logo-11545512111t0928udues.png</guid>
  <description/>
  <content:encoded><![CDATA[]]></content:encoded>
  <excerpt:encoded><![CDATA[]]></excerpt:encoded>
  <wp:post_id>412</wp:post_id>
  <wp:post_date>2022-09-24 21:19:10</wp:post_date>
  <wp:post_date_gmt>2022-09-24 18:19:10</wp:post_date_gmt>
  <wp:post_modified>2022-09-24 21:19:10</wp:post_modified>
  <wp:post_modified_gmt>2022-09-24 18:19:10</wp:post_modified_gmt>
  <wp:comment_status>closed</wp:comment_status>
  <wp:ping_status>closed</wp:ping_status>
  <wp:post_name>instagram-logo-11545512111t0928udues</wp:post_name>
  <wp:status>inherit</wp:status>
  <wp:post_parent>369</wp:post_parent>
  <wp:menu_order>0</wp:menu_order>
  <wp:post_type>attachment</wp:post_type>
  <wp:post_password/>
  <wp:is_sticky>0</wp:is_sticky>
  <wp:attachment_url>https://sofiaus.files.wordpress.com/2022/09/instagram-logo-11545512111t0928udues.png</wp:attachment_url>
  <wp:postmeta>
    <wp:meta_key>_wp_attached_file</wp:meta_key>
    <wp:meta_value><![CDATA[/home/wpcom/public_html/wp-content/blogs.dir/0b5/162840273/files/2022/09/instagram-logo-11545512111t0928udues.png]]></wp:meta_value>
  </wp:postmeta>
  <wp:postmeta>
    <wp:meta_key>_wp_attachment_metadata</wp:meta_key>
    <wp:meta_value><![CDATA[a:6:{s:5:"width";i:840;s:6:"height";i:859;s:4:"file";s:113:"/home/wpcom/public_html/wp-content/blogs.dir/0b5/162840273/files/2022/09/instagram-logo-11545512111t0928udues.png";s:8:"filesize";i:202673;s:5:"sizes";a:0:{}s:10:"image_meta";a:12:{s:8:"aperture";s:1:"0";s:6:"credit";s:0:"";s:6:"camera";s:0:"";s:7:"caption";s:0:"";s:17:"created_timestamp";s:1:"0";s:9:"copyright";s:0:"";s:12:"focal_length";s:1:"0";s:3:"iso";s:1:"0";s:13:"shutter_speed";s:1:"0";s:5:"title";s:0:"";s:11:"orientation";s:1:"0";s:8:"keywords";a:0:{}}}]]></wp:meta_value>
  </wp:postmeta>
</item>
<item>
  <title><![CDATA[facebook-logo-png]]></title>
  <link>https://sofiaus.wordpress.com/home-2/facebook-logo-png/</link>
  <pubDate>Sat, 24 Sep 2022 18:20:35 +0000</pubDate>
  <dc:creator>sofiastudentcouncil</dc:creator>
  <guid isPermaLink="false">http://sofiaus.files.wordpress.com/2022/09/facebook-logo-png.png</guid>
  <description/>
  <content:encoded><![CDATA[]]></content:encoded>
  <excerpt:encoded><![CDATA[]]></excerpt:encoded>
  <wp:post_id>413</wp:post_id>
  <wp:post_date>2022-09-24 21:20:35</wp:post_date>
  <wp:post_date_gmt>2022-09-24 18:20:35</wp:post_date_gmt>
  <wp:post_modified>2022-09-24 21:20:35</wp:post_modified>
  <wp:post_modified_gmt>2022-09-24 18:20:35</wp:post_modified_gmt>
  <wp:comment_status>closed</wp:comment_status>
  <wp:ping_status>closed</wp:ping_status>
  <wp:post_name>facebook-logo-png</wp:post_name>
  <wp:status>inherit</wp:status>
  <wp:post_parent>369</wp:post_parent>
  <wp:menu_order>0</wp:menu_order>
  <wp:post_type>attachment</wp:post_type>
  <wp:post_password/>
  <wp:is_sticky>0</wp:is_sticky>
  <wp:attachment_url>https://sofiaus.files.wordpress.com/2022/09/facebook-logo-png.png</wp:attachment_url>
  <wp:postmeta>
    <wp:meta_key>_wp_attached_file</wp:meta_key>
    <wp:meta_value><![CDATA[/home/wpcom/public_html/wp-content/blogs.dir/0b5/162840273/files/2022/09/facebook-logo-png.png]]></wp:meta_value>
  </wp:postmeta>
  <wp:postmeta>
    <wp:meta_key>_wp_attachment_metadata</wp:meta_key>
    <wp:meta_value><![CDATA[a:6:{s:5:"width";i:600;s:6:"height";i:600;s:4:"file";s:94:"/home/wpcom/public_html/wp-content/blogs.dir/0b5/162840273/files/2022/09/facebook-logo-png.png";s:8:"filesize";i:22015;s:5:"sizes";a:0:{}s:10:"image_meta";a:12:{s:8:"aperture";s:1:"0";s:6:"credit";s:0:"";s:6:"camera";s:0:"";s:7:"caption";s:0:"";s:17:"created_timestamp";s:1:"0";s:9:"copyright";s:0:"";s:12:"focal_length";s:1:"0";s:3:"iso";s:1:"0";s:13:"shutter_speed";s:1:"0";s:5:"title";s:0:"";s:11:"orientation";s:1:"0";s:8:"keywords";a:0:{}}}]]></wp:meta_value>
  </wp:postmeta>
</item>
<item>
  <title><![CDATA[instagram-logo-11545512111t0928udues-1]]></title>
  <link>https://sofiaus.wordpress.com/home-2/instagram-logo-11545512111t0928udues-1/</link>
  <pubDate>Sat, 24 Sep 2022 18:24:34 +0000</pubDate>
  <dc:creator>sofiastudentcouncil</dc:creator>
  <guid isPermaLink="false">http://sofiaus.files.wordpress.com/2022/09/instagram-logo-11545512111t0928udues-1.png</guid>
  <description/>
  <content:encoded><![CDATA[]]></content:encoded>
  <excerpt:encoded><![CDATA[]]></excerpt:encoded>
  <wp:post_id>416</wp:post_id>
  <wp:post_date>2022-09-24 21:24:34</wp:post_date>
  <wp:post_date_gmt>2022-09-24 18:24:34</wp:post_date_gmt>
  <wp:post_modified>2022-09-24 21:24:34</wp:post_modified>
  <wp:post_modified_gmt>2022-09-24 18:24:34</wp:post_modified_gmt>
  <wp:comment_status>closed</wp:comment_status>
  <wp:ping_status>closed</wp:ping_status>
  <wp:post_name>instagram-logo-11545512111t0928udues-1</wp:post_name>
  <wp:status>inherit</wp:status>
  <wp:post_parent>369</wp:post_parent>
  <wp:menu_order>0</wp:menu_order>
  <wp:post_type>attachment</wp:post_type>
  <wp:post_password/>
  <wp:is_sticky>0</wp:is_sticky>
  <wp:attachment_url>https://sofiaus.files.wordpress.com/2022/09/instagram-logo-11545512111t0928udues-1.png</wp:attachment_url>
  <wp:postmeta>
    <wp:meta_key>_wp_attached_file</wp:meta_key>
    <wp:meta_value><![CDATA[/home/wpcom/public_html/wp-content/blogs.dir/0b5/162840273/files/2022/09/instagram-logo-11545512111t0928udues-1.png]]></wp:meta_value>
  </wp:postmeta>
  <wp:postmeta>
    <wp:meta_key>_wp_attachment_metadata</wp:meta_key>
    <wp:meta_value><![CDATA[a:6:{s:5:"width";i:840;s:6:"height";i:859;s:4:"file";s:115:"/home/wpcom/public_html/wp-content/blogs.dir/0b5/162840273/files/2022/09/instagram-logo-11545512111t0928udues-1.png";s:8:"filesize";i:202673;s:5:"sizes";a:0:{}s:10:"image_meta";a:12:{s:8:"aperture";s:1:"0";s:6:"credit";s:0:"";s:6:"camera";s:0:"";s:7:"caption";s:0:"";s:17:"created_timestamp";s:1:"0";s:9:"copyright";s:0:"";s:12:"focal_length";s:1:"0";s:3:"iso";s:1:"0";s:13:"shutter_speed";s:1:"0";s:5:"title";s:0:"";s:11:"orientation";s:1:"0";s:8:"keywords";a:0:{}}}]]></wp:meta_value>
  </wp:postmeta>
</item>
<item>
  <title><![CDATA[facebook-logo-png-1]]></title>
  <link>https://sofiaus.wordpress.com/contacts/facebook-logo-png-1/</link>
  <pubDate>Sat, 24 Sep 2022 18:30:20 +0000</pubDate>
  <dc:creator>sofiastudentcouncil</dc:creator>
  <guid isPermaLink="false">http://sofiaus.files.wordpress.com/2022/09/facebook-logo-png-1.png</guid>
  <description/>
  <content:encoded><![CDATA[]]></content:encoded>
  <excerpt:encoded><![CDATA[]]></excerpt:encoded>
  <wp:post_id>420</wp:post_id>
  <wp:post_date>2022-09-24 21:30:20</wp:post_date>
  <wp:post_date_gmt>2022-09-24 18:30:20</wp:post_date_gmt>
  <wp:post_modified>2022-09-24 21:30:20</wp:post_modified>
  <wp:post_modified_gmt>2022-09-24 18:30:20</wp:post_modified_gmt>
  <wp:comment_status>closed</wp:comment_status>
  <wp:ping_status>closed</wp:ping_status>
  <wp:post_name>facebook-logo-png-1</wp:post_name>
  <wp:status>inherit</wp:status>
  <wp:post_parent>68</wp:post_parent>
  <wp:menu_order>0</wp:menu_order>
  <wp:post_type>attachment</wp:post_type>
  <wp:post_password/>
  <wp:is_sticky>0</wp:is_sticky>
  <wp:attachment_url>https://sofiaus.files.wordpress.com/2022/09/facebook-logo-png-1.png</wp:attachment_url>
  <wp:postmeta>
    <wp:meta_key>_wp_attached_file</wp:meta_key>
    <wp:meta_value><![CDATA[/home/wpcom/public_html/wp-content/blogs.dir/0b5/162840273/files/2022/09/facebook-logo-png-1.png]]></wp:meta_value>
  </wp:postmeta>
  <wp:postmeta>
    <wp:meta_key>_wp_attachment_metadata</wp:meta_key>
    <wp:meta_value><![CDATA[a:6:{s:5:"width";i:600;s:6:"height";i:600;s:4:"file";s:96:"/home/wpcom/public_html/wp-content/blogs.dir/0b5/162840273/files/2022/09/facebook-logo-png-1.png";s:8:"filesize";i:22015;s:5:"sizes";a:0:{}s:10:"image_meta";a:12:{s:8:"aperture";s:1:"0";s:6:"credit";s:0:"";s:6:"camera";s:0:"";s:7:"caption";s:0:"";s:17:"created_timestamp";s:1:"0";s:9:"copyright";s:0:"";s:12:"focal_length";s:1:"0";s:3:"iso";s:1:"0";s:13:"shutter_speed";s:1:"0";s:5:"title";s:0:"";s:11:"orientation";s:1:"0";s:8:"keywords";a:0:{}}}]]></wp:meta_value>
  </wp:postmeta>
</item>
<item>
  <title><![CDATA[instagram-logo-11545512111t0928udues-2]]></title>
  <link>https://sofiaus.wordpress.com/contacts/instagram-logo-11545512111t0928udues-2/</link>
  <pubDate>Sat, 24 Sep 2022 18:31:44 +0000</pubDate>
  <dc:creator>sofiastudentcouncil</dc:creator>
  <guid isPermaLink="false">http://sofiaus.files.wordpress.com/2022/09/instagram-logo-11545512111t0928udues-2.png</guid>
  <description/>
  <content:encoded><![CDATA[]]></content:encoded>
  <excerpt:encoded><![CDATA[]]></excerpt:encoded>
  <wp:post_id>422</wp:post_id>
  <wp:post_date>2022-09-24 21:31:44</wp:post_date>
  <wp:post_date_gmt>2022-09-24 18:31:44</wp:post_date_gmt>
  <wp:post_modified>2022-09-24 21:31:44</wp:post_modified>
  <wp:post_modified_gmt>2022-09-24 18:31:44</wp:post_modified_gmt>
  <wp:comment_status>closed</wp:comment_status>
  <wp:ping_status>closed</wp:ping_status>
  <wp:post_name>instagram-logo-11545512111t0928udues-2</wp:post_name>
  <wp:status>inherit</wp:status>
  <wp:post_parent>68</wp:post_parent>
  <wp:menu_order>0</wp:menu_order>
  <wp:post_type>attachment</wp:post_type>
  <wp:post_password/>
  <wp:is_sticky>0</wp:is_sticky>
  <wp:attachment_url>https://sofiaus.files.wordpress.com/2022/09/instagram-logo-11545512111t0928udues-2.png</wp:attachment_url>
  <wp:postmeta>
    <wp:meta_key>_wp_attached_file</wp:meta_key>
    <wp:meta_value><![CDATA[/home/wpcom/public_html/wp-content/blogs.dir/0b5/162840273/files/2022/09/instagram-logo-11545512111t0928udues-2.png]]></wp:meta_value>
  </wp:postmeta>
  <wp:postmeta>
    <wp:meta_key>_wp_attachment_metadata</wp:meta_key>
    <wp:meta_value><![CDATA[a:6:{s:5:"width";i:840;s:6:"height";i:859;s:4:"file";s:115:"/home/wpcom/public_html/wp-content/blogs.dir/0b5/162840273/files/2022/09/instagram-logo-11545512111t0928udues-2.png";s:8:"filesize";i:202673;s:5:"sizes";a:0:{}s:10:"image_meta";a:12:{s:8:"aperture";s:1:"0";s:6:"credit";s:0:"";s:6:"camera";s:0:"";s:7:"caption";s:0:"";s:17:"created_timestamp";s:1:"0";s:9:"copyright";s:0:"";s:12:"focal_length";s:1:"0";s:3:"iso";s:1:"0";s:13:"shutter_speed";s:1:"0";s:5:"title";s:0:"";s:11:"orientation";s:1:"0";s:8:"keywords";a:0:{}}}]]></wp:meta_value>
  </wp:postmeta>
</item>
<item>
  <title><![CDATA[image_editor_output_image1264527090-1664177706156]]></title>
  <link>https://sofiaus.wordpress.com/home-2/image_editor_output_image1264527090-1664177706156/</link>
  <pubDate>Mon, 26 Sep 2022 07:35:39 +0000</pubDate>
  <dc:creator>vassilevaniya</dc:creator>
  <guid isPermaLink="false">http://sofiaus.files.wordpress.com/2022/09/image_editor_output_image1264527090-1664177706156.jpg</guid>
  <description/>
  <content:encoded><![CDATA[]]></content:encoded>
  <excerpt:encoded><![CDATA[]]></excerpt:encoded>
  <wp:post_id>430</wp:post_id>
  <wp:post_date>2022-09-26 10:35:39</wp:post_date>
  <wp:post_date_gmt>2022-09-26 07:35:39</wp:post_date_gmt>
  <wp:post_modified>2022-09-26 10:35:39</wp:post_modified>
  <wp:post_modified_gmt>2022-09-26 07:35:39</wp:post_modified_gmt>
  <wp:comment_status>closed</wp:comment_status>
  <wp:ping_status>closed</wp:ping_status>
  <wp:post_name>image_editor_output_image1264527090-1664177706156</wp:post_name>
  <wp:status>inherit</wp:status>
  <wp:post_parent>369</wp:post_parent>
  <wp:menu_order>0</wp:menu_order>
  <wp:post_type>attachment</wp:post_type>
  <wp:post_password/>
  <wp:is_sticky>0</wp:is_sticky>
  <wp:attachment_url>https://sofiaus.files.wordpress.com/2022/09/image_editor_output_image1264527090-1664177706156.jpg</wp:attachment_url>
  <wp:postmeta>
    <wp:meta_key>_wp_attached_file</wp:meta_key>
    <wp:meta_value><![CDATA[/home/wpcom/public_html/wp-content/blogs.dir/0b5/162840273/files/2022/09/image_editor_output_image1264527090-1664177706156.jpg]]></wp:meta_value>
  </wp:postmeta>
  <wp:postmeta>
    <wp:meta_key>_wp_attachment_metadata</wp:meta_key>
    <wp:meta_value><![CDATA[a:6:{s:5:"width";i:641;s:6:"height";i:746;s:4:"file";s:126:"/home/wpcom/public_html/wp-content/blogs.dir/0b5/162840273/files/2022/09/image_editor_output_image1264527090-1664177706156.jpg";s:8:"filesize";i:86922;s:5:"sizes";a:0:{}s:10:"image_meta";a:12:{s:8:"aperture";s:1:"0";s:6:"credit";s:0:"";s:6:"camera";s:0:"";s:7:"caption";s:0:"";s:17:"created_timestamp";s:1:"0";s:9:"copyright";s:0:"";s:12:"focal_length";s:1:"0";s:3:"iso";s:1:"0";s:13:"shutter_speed";s:1:"0";s:5:"title";s:0:"";s:11:"orientation";s:1:"0";s:8:"keywords";a:0:{}}}]]></wp:meta_value>
  </wp:postmeta>
</item>
<item>
  <title><![CDATA[image_editor_output_image-737388335-1664177755394]]></title>
  <link>https://sofiaus.wordpress.com/home-2/image_editor_output_image-737388335-1664177755394/</link>
  <pubDate>Mon, 26 Sep 2022 07:36:10 +0000</pubDate>
  <dc:creator>vassilevaniya</dc:creator>
  <guid isPermaLink="false">http://sofiaus.files.wordpress.com/2022/09/image_editor_output_image-737388335-1664177755394.jpg</guid>
  <description/>
  <content:encoded><![CDATA[]]></content:encoded>
  <excerpt:encoded><![CDATA[]]></excerpt:encoded>
  <wp:post_id>431</wp:post_id>
  <wp:post_date>2022-09-26 10:36:10</wp:post_date>
  <wp:post_date_gmt>2022-09-26 07:36:10</wp:post_date_gmt>
  <wp:post_modified>2022-09-26 10:36:10</wp:post_modified>
  <wp:post_modified_gmt>2022-09-26 07:36:10</wp:post_modified_gmt>
  <wp:comment_status>closed</wp:comment_status>
  <wp:ping_status>closed</wp:ping_status>
  <wp:post_name>image_editor_output_image-737388335-1664177755394</wp:post_name>
  <wp:status>inherit</wp:status>
  <wp:post_parent>369</wp:post_parent>
  <wp:menu_order>0</wp:menu_order>
  <wp:post_type>attachment</wp:post_type>
  <wp:post_password/>
  <wp:is_sticky>0</wp:is_sticky>
  <wp:attachment_url>https://sofiaus.files.wordpress.com/2022/09/image_editor_output_image-737388335-1664177755394.jpg</wp:attachment_url>
  <wp:postmeta>
    <wp:meta_key>_wp_attached_file</wp:meta_key>
    <wp:meta_value><![CDATA[/home/wpcom/public_html/wp-content/blogs.dir/0b5/162840273/files/2022/09/image_editor_output_image-737388335-1664177755394.jpg]]></wp:meta_value>
  </wp:postmeta>
  <wp:postmeta>
    <wp:meta_key>_wp_attachment_metadata</wp:meta_key>
    <wp:meta_value><![CDATA[a:6:{s:5:"width";i:625;s:6:"height";i:625;s:4:"file";s:126:"/home/wpcom/public_html/wp-content/blogs.dir/0b5/162840273/files/2022/09/image_editor_output_image-737388335-1664177755394.jpg";s:8:"filesize";i:102143;s:5:"sizes";a:0:{}s:10:"image_meta";a:12:{s:8:"aperture";s:1:"0";s:6:"credit";s:0:"";s:6:"camera";s:0:"";s:7:"caption";s:0:"";s:17:"created_timestamp";s:1:"0";s:9:"copyright";s:0:"";s:12:"focal_length";s:1:"0";s:3:"iso";s:1:"0";s:13:"shutter_speed";s:1:"0";s:5:"title";s:0:"";s:11:"orientation";s:1:"0";s:8:"keywords";a:0:{}}}]]></wp:meta_value>
  </wp:postmeta>
</item>
<item>
  <title><![CDATA[image_editor_output_image-56829456-1664177796479]]></title>
  <link>https://sofiaus.wordpress.com/home-2/image_editor_output_image-56829456-1664177796479/</link>
  <pubDate>Mon, 26 Sep 2022 07:36:58 +0000</pubDate>
  <dc:creator>vassilevaniya</dc:creator>
  <guid isPermaLink="false">http://sofiaus.files.wordpress.com/2022/09/image_editor_output_image-56829456-1664177796479.jpg</guid>
  <description/>
  <content:encoded><![CDATA[]]></content:encoded>
  <excerpt:encoded><![CDATA[]]></excerpt:encoded>
  <wp:post_id>432</wp:post_id>
  <wp:post_date>2022-09-26 10:36:58</wp:post_date>
  <wp:post_date_gmt>2022-09-26 07:36:58</wp:post_date_gmt>
  <wp:post_modified>2022-09-26 10:36:58</wp:post_modified>
  <wp:post_modified_gmt>2022-09-26 07:36:58</wp:post_modified_gmt>
  <wp:comment_status>closed</wp:comment_status>
  <wp:ping_status>closed</wp:ping_status>
  <wp:post_name>image_editor_output_image-56829456-1664177796479</wp:post_name>
  <wp:status>inherit</wp:status>
  <wp:post_parent>369</wp:post_parent>
  <wp:menu_order>0</wp:menu_order>
  <wp:post_type>attachment</wp:post_type>
  <wp:post_password/>
  <wp:is_sticky>0</wp:is_sticky>
  <wp:attachment_url>https://sofiaus.files.wordpress.com/2022/09/image_editor_output_image-56829456-1664177796479.jpg</wp:attachment_url>
  <wp:postmeta>
    <wp:meta_key>_wp_attached_file</wp:meta_key>
    <wp:meta_value><![CDATA[/home/wpcom/public_html/wp-content/blogs.dir/0b5/162840273/files/2022/09/image_editor_output_image-56829456-1664177796479.jpg]]></wp:meta_value>
  </wp:postmeta>
  <wp:postmeta>
    <wp:meta_key>_wp_attachment_metadata</wp:meta_key>
    <wp:meta_value><![CDATA[a:6:{s:5:"width";i:1250;s:6:"height";i:1250;s:4:"file";s:125:"/home/wpcom/public_html/wp-content/blogs.dir/0b5/162840273/files/2022/09/image_editor_output_image-56829456-1664177796479.jpg";s:8:"filesize";i:312280;s:5:"sizes";a:0:{}s:10:"image_meta";a:12:{s:8:"aperture";s:1:"0";s:6:"credit";s:0:"";s:6:"camera";s:0:"";s:7:"caption";s:0:"";s:17:"created_timestamp";s:1:"0";s:9:"copyright";s:0:"";s:12:"focal_length";s:1:"0";s:3:"iso";s:1:"0";s:13:"shutter_speed";s:1:"0";s:5:"title";s:0:"";s:11:"orientation";s:1:"0";s:8:"keywords";a:0:{}}}]]></wp:meta_value>
  </wp:postmeta>
</item>
  </channel>
</rss>
